model	arm	run	started	duration_s	rc	status	power_before	power_after	artifact	log
14b	default	1	2026-07-26T14:43:07-0400	99	0	success	auto	auto	bench/14b-rollback-path-fault-20260726/phase0/14b-default-01.json	bench/14b-rollback-path-fault-20260726/phase0/14b-default-01.log
14b	rollback	1	2026-07-26T14:44:46-0400	248	0	success	auto	auto	bench/14b-rollback-path-fault-20260726/phase0/14b-rollback-01.json	bench/14b-rollback-path-fault-20260726/phase0/14b-rollback-01.log
14b	default	2	2026-07-26T14:48:54-0400	101	0	success	auto	auto	bench/14b-rollback-path-fault-20260726/phase0/14b-default-02.json	bench/14b-rollback-path-fault-20260726/phase0/14b-default-02.log
14b	rollback	2	2026-07-26T14:50:35-0400	248	0	success	auto	auto	bench/14b-rollback-path-fault-20260726/phase0/14b-rollback-02.json	bench/14b-rollback-path-fault-20260726/phase0/14b-rollback-02.log
14b	default	3	2026-07-26T14:54:43-0400	101	0	success	auto	auto	bench/14b-rollback-path-fault-20260726/phase0/14b-default-03.json	bench/14b-rollback-path-fault-20260726/phase0/14b-default-03.log
14b	rollback	3	2026-07-26T14:56:24-0400	47	1	fault	auto	auto	bench/14b-rollback-path-fault-20260726/phase0/14b-rollback-03.json	bench/14b-rollback-path-fault-20260726/phase0/14b-rollback-03.log
14b	default	4	2026-07-26T14:57:11-0400	101	0	success	auto	auto	bench/14b-rollback-path-fault-20260726/phase0/14b-default-04.json	bench/14b-rollback-path-fault-20260726/phase0/14b-default-04.log
14b	rollback	4	2026-07-26T14:58:52-0400	248	0	success	auto	auto	bench/14b-rollback-path-fault-20260726/phase0/14b-rollback-04.json	bench/14b-rollback-path-fault-20260726/phase0/14b-rollback-04.log
14b	default	5	2026-07-26T15:03:00-0400	100	0	success	auto	auto	bench/14b-rollback-path-fault-20260726/phase0/14b-default-05.json	bench/14b-rollback-path-fault-20260726/phase0/14b-default-05.log
14b	rollback	5	2026-07-26T15:04:40-0400	247	0	success	auto	auto	bench/14b-rollback-path-fault-20260726/phase0/14b-rollback-05.json	bench/14b-rollback-path-fault-20260726/phase0/14b-rollback-05.log
14b	default	6	2026-07-26T15:08:47-0400	100	0	success	auto	auto	bench/14b-rollback-path-fault-20260726/phase0/14b-default-06.json	bench/14b-rollback-path-fault-20260726/phase0/14b-default-06.log
14b	rollback	6	2026-07-26T15:10:27-0400	248	0	success	auto	auto	bench/14b-rollback-path-fault-20260726/phase0/14b-rollback-06.json	bench/14b-rollback-path-fault-20260726/phase0/14b-rollback-06.log
14b	default	7	2026-07-26T15:14:35-0400	98	0	success	auto	auto	bench/14b-rollback-path-fault-20260726/phase0/14b-default-07.json	bench/14b-rollback-path-fault-20260726/phase0/14b-default-07.log
14b	rollback	7	2026-07-26T15:16:13-0400	247	0	success	auto	auto	bench/14b-rollback-path-fault-20260726/phase0/14b-rollback-07.json	bench/14b-rollback-path-fault-20260726/phase0/14b-rollback-07.log
14b	default	8	2026-07-26T15:20:20-0400	100	0	success	auto	auto	bench/14b-rollback-path-fault-20260726/phase0/14b-default-08.json	bench/14b-rollback-path-fault-20260726/phase0/14b-default-08.log
14b	rollback	8	2026-07-26T15:22:00-0400	249	0	success	auto	auto	bench/14b-rollback-path-fault-20260726/phase0/14b-rollback-08.json	bench/14b-rollback-path-fault-20260726/phase0/14b-rollback-08.log
14b	default	9	2026-07-26T15:26:09-0400	100	0	success	auto	auto	bench/14b-rollback-path-fault-20260726/phase0/14b-default-09.json	bench/14b-rollback-path-fault-20260726/phase0/14b-default-09.log
14b	rollback	9	2026-07-26T15:27:49-0400	2	1	other_failure	auto	auto	bench/14b-rollback-path-fault-20260726/phase0/14b-rollback-09.json	bench/14b-rollback-path-fault-20260726/phase0/14b-rollback-09.log
14b	default	10	2026-07-26T15:27:51-0400	2	1	other_failure	auto	auto	bench/14b-rollback-path-fault-20260726/phase0/14b-default-10.json	bench/14b-rollback-path-fault-20260726/phase0/14b-default-10.log
14b	rollback	10	2026-07-26T15:27:53-0400	74	1	fault	auto	auto	bench/14b-rollback-path-fault-20260726/phase0/14b-rollback-10.json	bench/14b-rollback-path-fault-20260726/phase0/14b-rollback-10.log
14b	default	11	2026-07-26T15:29:07-0400	103	0	success	auto	auto	bench/14b-rollback-path-fault-20260726/phase0/14b-default-11.json	bench/14b-rollback-path-fault-20260726/phase0/14b-default-11.log
14b	rollback	11	2026-07-26T15:30:50-0400	57	1	fault	auto	auto	bench/14b-rollback-path-fault-20260726/phase0/14b-rollback-11.json	bench/14b-rollback-path-fault-20260726/phase0/14b-rollback-11.log
14b	default	12	2026-07-26T15:31:47-0400	44	1	fault	auto	auto	bench/14b-rollback-path-fault-20260726/phase0/14b-default-12.json	bench/14b-rollback-path-fault-20260726/phase0/14b-default-12.log
14b	rollback	12	2026-07-26T15:32:31-0400	117	1	fault	auto	auto	bench/14b-rollback-path-fault-20260726/phase0/14b-rollback-12.json	bench/14b-rollback-path-fault-20260726/phase0/14b-rollback-12.log
14b	default	13	2026-07-26T15:34:28-0400	103	0	success	auto	auto	bench/14b-rollback-path-fault-20260726/phase0/14b-default-13.json	bench/14b-rollback-path-fault-20260726/phase0/14b-default-13.log
14b	rollback	13	2026-07-26T15:36:11-0400	248	0	success	auto	auto	bench/14b-rollback-path-fault-20260726/phase0/14b-rollback-13.json	bench/14b-rollback-path-fault-20260726/phase0/14b-rollback-13.log
14b	default	14	2026-07-26T15:40:19-0400	99	0	success	auto	auto	bench/14b-rollback-path-fault-20260726/phase0/14b-default-14.json	bench/14b-rollback-path-fault-20260726/phase0/14b-default-14.log
14b	rollback	14	2026-07-26T15:41:58-0400	247	0	success	auto	auto	bench/14b-rollback-path-fault-20260726/phase0/14b-rollback-14.json	bench/14b-rollback-path-fault-20260726/phase0/14b-rollback-14.log
14b	default	15	2026-07-26T15:46:05-0400	101	0	success	auto	auto	bench/14b-rollback-path-fault-20260726/phase0/14b-default-15.json	bench/14b-rollback-path-fault-20260726/phase0/14b-default-15.log
14b	rollback	15	2026-07-26T15:47:46-0400	249	0	success	auto	auto	bench/14b-rollback-path-fault-20260726/phase0/14b-rollback-15.json	bench/14b-rollback-path-fault-20260726/phase0/14b-rollback-15.log
14b	default	16	2026-07-26T15:51:55-0400	49	1	fault	auto	auto	bench/14b-rollback-path-fault-20260726/phase0/14b-default-16.json	bench/14b-rollback-path-fault-20260726/phase0/14b-default-16.log
14b	rollback	16	2026-07-26T15:52:44-0400	34	1	fault	auto	auto	bench/14b-rollback-path-fault-20260726/phase0/14b-rollback-16.json	bench/14b-rollback-path-fault-20260726/phase0/14b-rollback-16.log
14b	default	17	2026-07-26T15:53:18-0400	100	0	success	auto	auto	bench/14b-rollback-path-fault-20260726/phase0/14b-default-17.json	bench/14b-rollback-path-fault-20260726/phase0/14b-default-17.log
14b	rollback	17	2026-07-26T15:54:58-0400	248	0	success	auto	auto	bench/14b-rollback-path-fault-20260726/phase0/14b-rollback-17.json	bench/14b-rollback-path-fault-20260726/phase0/14b-rollback-17.log
14b	default	18	2026-07-26T15:59:06-0400	103	0	success	auto	auto	bench/14b-rollback-path-fault-20260726/phase0/14b-default-18.json	bench/14b-rollback-path-fault-20260726/phase0/14b-default-18.log
14b	rollback	18	2026-07-26T16:00:49-0400	8	1	fault	auto	auto	bench/14b-rollback-path-fault-20260726/phase0/14b-rollback-18.json	bench/14b-rollback-path-fault-20260726/phase0/14b-rollback-18.log
